Temperature (F);Cricket Chirps (chirps/sec);Avg Chirp Volume
88.6;20.0;101.46
71.6;16.0;69.0
93.3;19.8;89.07000000000002
84.3;18.4;103.79999999999998
80.6;17.1;94.32
75.2;15.5;46.83
69.7;14.7;73.35
82.0;17.1;64.02000000000001
69.4;15.4;59.64000000000001
83.3;16.2;69.75
79.6;15.0;62.16
82.6;17.2;88.41
80.6;16.0;74.43
83.5;17.0;67.83
76.3;14.4;64.86
